{
  "calibration_metrics": {
    "XGBoost": {
      "brier_score": 0.2162574827671051,
      "ece": 0.0693981720970843,
      "prob_true": [
        0.36363636363636365,
        0.15384615384615385,
        0.4423076923076923,
        0.5432098765432098,
        0.5555555555555556,
        0.8205128205128205,
        0.8636363636363636
      ],
      "prob_pred": [
        0.2841176986694336,
        0.35098819663891423,
        0.4470738825889734,
        0.5491665123421469,
        0.6511169340875413,
        0.7455226733134344,
        0.835784218528054
      ]
    },
    "LightGBM": {
      "brier_score": 0.2180599634968501,
      "ece": 0.06787528897312207,
      "prob_true": [
        0.4,
        0.19444444444444445,
        0.425531914893617,
        0.5375,
        0.6666666666666666,
        0.6976744186046512,
        0.9
      ],
      "prob_pred": [
        0.26875228447164046,
        0.36243542692972947,
        0.45867567213780885,
        0.5445942999692404,
        0.6458404901715873,
        0.7460865996834621,
        0.8335880899891126
      ]
    },
    "CatBoost": {
      "brier_score": 0.21656249213033138,
      "ece": 0.05593434999783897,
      "prob_true": [
        0.30303030303030304,
        0.3333333333333333,
        0.581081081081081,
        0.6615384615384615,
        0.8085106382978723
      ],
      "prob_pred": [
        0.3542404887923333,
        0.45780520771646616,
        0.5513746414424183,
        0.6481587505358178,
        0.7476070990951469
      ]
    },
    "RandomForest": {
      "brier_score": 0.21567091822155093,
      "ece": 0.07594582624941619,
      "prob_true": [
        0.0,
        0.3333333333333333,
        0.18181818181818182,
        0.4603174603174603,
        0.5,
        0.6111111111111112,
        0.7291666666666666,
        0.9130434782608695,
        1.0
      ],
      "prob_pred": [
        0.19133851822077955,
        0.26489526541257813,
        0.3506596660491614,
        0.4549469489291808,
        0.5510181200634982,
        0.6455938315370733,
        0.7441940657089865,
        0.8485216367519391,
        0.9155262265567586
      ]
    },
    "PyTorch NN": {
      "brier_score": 0.21702387928962708,
      "ece": 0.06624524949807738,
      "prob_true": [
        0.14285714285714285,
        0.375,
        0.26785714285714285,
        0.6027397260273972,
        0.6,
        0.7692307692307693,
        0.8421052631578947,
        1.0
      ],
      "prob_pred": [
        0.25433806223528727,
        0.3508778152366479,
        0.4556667283177376,
        0.5486312590233268,
        0.6474453559288612,
        0.7448161932138296,
        0.840053445414493,
        0.9214709103107452
      ]
    },
    "TabNet": {
      "brier_score": 0.21680694818496704,
      "ece": 0.07951940712385139,
      "prob_true": [
        0.0,
        0.3333333333333333,
        0.3076923076923077,
        0.2727272727272727,
        0.3125,
        0.6219512195121951,
        0.58,
        0.7777777777777778,
        0.8181818181818182,
        1.0
      ],
      "prob_pred": [
        0.05153629183769226,
        0.16524966061115265,
        0.24272052141336295,
        0.35984502868218854,
        0.45171281943718594,
        0.5539692124215568,
        0.6435414266586303,
        0.7443112515740924,
        0.8412397720597007,
        0.9037761688232422
      ]
    }
  },
  "confidence_analysis": {
    "XGBoost": {
      "50%": {
        "n_games": 285,
        "accuracy": 0.6421052631578947,
        "pct_of_total": 1.0
      },
      "60%": {
        "n_games": 152,
        "accuracy": 0.7236842105263158,
        "pct_of_total": 0.5333333333333333
      },
      "70%": {
        "n_games": 72,
        "accuracy": 0.8055555555555556,
        "pct_of_total": 0.25263157894736843
      },
      "80%": {
        "n_games": 22,
        "accuracy": 0.8636363636363636,
        "pct_of_total": 0.07719298245614035
      },
      "90%": {
        "n_games": 0,
        "accuracy": 0.0,
        "pct_of_total": 0.0
      }
    },
    "LightGBM": {
      "50%": {
        "n_games": 285,
        "accuracy": 0.6526315789473685,
        "pct_of_total": 1.0
      },
      "60%": {
        "n_games": 158,
        "accuracy": 0.7341772151898734,
        "pct_of_total": 0.5543859649122806
      },
      "70%": {
        "n_games": 68,
        "accuracy": 0.75,
        "pct_of_total": 0.23859649122807017
      },
      "80%": {
        "n_games": 20,
        "accuracy": 0.9,
        "pct_of_total": 0.07017543859649122
      },
      "90%": {
        "n_games": 0,
        "accuracy": 0.0,
        "pct_of_total": 0.0
      }
    },
    "CatBoost": {
      "50%": {
        "n_games": 285,
        "accuracy": 0.6701754385964912,
        "pct_of_total": 1.0
      },
      "60%": {
        "n_games": 145,
        "accuracy": 0.7172413793103448,
        "pct_of_total": 0.5087719298245614
      },
      "70%": {
        "n_games": 47,
        "accuracy": 0.8085106382978723,
        "pct_of_total": 0.1649122807017544
      },
      "80%": {
        "n_games": 0,
        "accuracy": 0.0,
        "pct_of_total": 0.0
      },
      "90%": {
        "n_games": 0,
        "accuracy": 0.0,
        "pct_of_total": 0.0
      }
    },
    "RandomForest": {
      "50%": {
        "n_games": 285,
        "accuracy": 0.6350877192982456,
        "pct_of_total": 1.0
      },
      "60%": {
        "n_games": 148,
        "accuracy": 0.7432432432432432,
        "pct_of_total": 0.519298245614035
      },
      "70%": {
        "n_games": 90,
        "accuracy": 0.7777777777777778,
        "pct_of_total": 0.3157894736842105
      },
      "80%": {
        "n_games": 27,
        "accuracy": 0.9259259259259259,
        "pct_of_total": 0.09473684210526316
      },
      "90%": {
        "n_games": 3,
        "accuracy": 1.0,
        "pct_of_total": 0.010526315789473684
      }
    },
    "PyTorch NN": {
      "50%": {
        "n_games": 285,
        "accuracy": 0.6771929824561403,
        "pct_of_total": 1.0
      },
      "60%": {
        "n_games": 156,
        "accuracy": 0.6923076923076923,
        "pct_of_total": 0.5473684210526316
      },
      "70%": {
        "n_games": 67,
        "accuracy": 0.8059701492537313,
        "pct_of_total": 0.23508771929824562
      },
      "80%": {
        "n_games": 21,
        "accuracy": 0.8571428571428571,
        "pct_of_total": 0.07368421052631578
      },
      "90%": {
        "n_games": 2,
        "accuracy": 1.0,
        "pct_of_total": 0.007017543859649123
      }
    },
    "TabNet": {
      "50%": {
        "n_games": 285,
        "accuracy": 0.6771929824561403,
        "pct_of_total": 1.0
      },
      "60%": {
        "n_games": 155,
        "accuracy": 0.7032258064516129,
        "pct_of_total": 0.543859649122807
      },
      "70%": {
        "n_games": 83,
        "accuracy": 0.7710843373493976,
        "pct_of_total": 0.2912280701754386
      },
      "80%": {
        "n_games": 34,
        "accuracy": 0.7941176470588235,
        "pct_of_total": 0.11929824561403508
      },
      "90%": {
        "n_games": 3,
        "accuracy": 1.0,
        "pct_of_total": 0.010526315789473684
      }
    }
  }
}