{
  "XGBoost": {
    "accuracy": 0.6421052631578947,
    "precision": 0.6377551020408163,
    "recall": 0.8012820512820513,
    "f1_score": 0.7102272727272727,
    "roc_auc": 0.7124826078314451,
    "pr_auc": 0.7505635660836243,
    "confusion_matrix": [
      [
        58,
        71
      ],
      [
        31,
        125
      ]
    ]
  },
  "LightGBM": {
    "accuracy": 0.6526315789473685,
    "precision": 0.6446700507614214,
    "recall": 0.8141025641025641,
    "f1_score": 0.7195467422096318,
    "roc_auc": 0.7068177300735441,
    "pr_auc": 0.7399338138168509,
    "confusion_matrix": [
      [
        59,
        70
      ],
      [
        29,
        127
      ]
    ]
  },
  "CatBoost": {
    "accuracy": 0.6701754385964912,
    "precision": 0.6666666666666666,
    "recall": 0.7948717948717948,
    "f1_score": 0.7251461988304093,
    "roc_auc": 0.7210296163784536,
    "pr_auc": 0.7541833541647414,
    "confusion_matrix": [
      [
        67,
        62
      ],
      [
        32,
        124
      ]
    ]
  },
  "RandomForest": {
    "accuracy": 0.6350877192982456,
    "precision": 0.6413043478260869,
    "recall": 0.7564102564102564,
    "f1_score": 0.6941176470588235,
    "roc_auc": 0.7096998608626517,
    "pr_auc": 0.7596968067433367,
    "confusion_matrix": [
      [
        63,
        66
      ],
      [
        38,
        118
      ]
    ]
  },
  "PyTorch NN": {
    "accuracy": 0.6771929824561403,
    "precision": 0.6616161616161617,
    "recall": 0.8397435897435898,
    "f1_score": 0.7401129943502824,
    "roc_auc": 0.7159610415424369,
    "pr_auc": 0.7555217556218873,
    "confusion_matrix": [
      [
        62,
        67
      ],
      [
        25,
        131
      ]
    ]
  },
  "TabNet": {
    "accuracy": 0.6771929824561403,
    "precision": 0.6666666666666666,
    "recall": 0.8205128205128205,
    "f1_score": 0.735632183908046,
    "roc_auc": 0.7116378453587755,
    "pr_auc": 0.7463106876799852,
    "confusion_matrix": [
      [
        65,
        64
      ],
      [
        28,
        128
      ]
    ]
  }
}