{
  "XGBoost": {
    "fold_scores": [
      0.6016114592658908,
      0.6257833482542524,
      0.6347358997314234,
      0.6186213070725156,
      0.6177260519247986
    ],
    "mean_score": 0.6196956132497762,
    "std_score": 0.01091183454624356
  },
  "LightGBM": {
    "fold_scores": [
      0.6105640107430618,
      0.6230975828111012,
      0.630259623992838,
      0.6204118173679498,
      0.6078782452999105
    ],
    "mean_score": 0.6184422560429722,
    "std_score": 0.008232454025119166
  },
  "CatBoost": {
    "fold_scores": [
      0.6132497761862131,
      0.6365264100268576,
      0.6293643688451208,
      0.6257833482542524,
      0.6168307967770814
    ],
    "mean_score": 0.624350940017905,
    "std_score": 0.008428721429500295
  },
  "RandomForest": {
    "fold_scores": [
      0.6159355416293644,
      0.6159355416293644,
      0.6150402864816473,
      0.6239928379588182,
      0.6159355416293644
    ],
    "mean_score": 0.6173679498657118,
    "std_score": 0.0033305416719316243
  }
}