{
  "XGBoost": {
    "train_sizes": [
      0.2,
      0.4,
      0.6,
      0.8,
      1.0
    ],
    "train_scores": [
      0.7777777777777778,
      0.7325268817204301,
      0.7129629629629629,
      0.6933243727598566,
      0.6833333333333333
    ],
    "val_scores": [
      0.5805877114870882,
      0.5983971504897596,
      0.5930543187889582,
      0.6019590382902938,
      0.6001780943900267
    ]
  },
  "LightGBM": {
    "train_sizes": [
      0.2,
      0.4,
      0.6,
      0.8,
      1.0
    ],
    "train_scores": [
      0.8270609318996416,
      0.7992831541218638,
      0.7652329749103942,
      0.7506720430107527,
      0.7317204301075269
    ],
    "val_scores": [
      0.5672306322350846,
      0.5832591273374889,
      0.597506678539626,
      0.6028495102404274,
      0.5983971504897596
    ]
  },
  "CatBoost": {
    "train_sizes": [
      0.2,
      0.4,
      0.6,
      0.8,
      1.0
    ],
    "train_scores": [
      0.7267025089605734,
      0.6836917562724014,
      0.6741338112305855,
      0.6619623655913979,
      0.6550179211469535
    ],
    "val_scores": [
      0.6001780943900267,
      0.597506678539626,
      0.6010685663401603,
      0.5957257346393589,
      0.6046304541406946
    ]
  },
  "RandomForest": {
    "train_sizes": [
      0.2,
      0.4,
      0.6,
      0.8,
      1.0
    ],
    "train_scores": [
      0.9229390681003584,
      0.8902329749103942,
      0.8688769414575866,
      0.8481182795698925,
      0.832258064516129
    ],
    "val_scores": [
      0.5796972395369546,
      0.5903829029385574,
      0.6081923419412288,
      0.5894924309884239,
      0.5966162065894924
    ]
  }
}