{
  "train_loss": [
    0.6640851450237361,
    0.6448687721382488,
    0.6456030641089786,
    0.6391197192397985,
    0.6398409774357622,
    0.6396160423755646,
    0.6388362991538915,
    0.6352865506302227,
    0.6320436502044852,
    0.6349181803790006,
    0.6315655826844953
  ],
  "val_loss": [
    0.6573190126154158,
    0.6575510932339562,
    0.6586805416478051,
    0.660767588350508,
    0.657814578877555,
    0.6605168316099379,
    0.660025245613522,
    0.6611631446414523,
    0.6589224073621962,
    0.6581703656249576,
    0.6578730179203881
  ],
  "train_acc": [
    0.5991039426523298,
    0.6318996415770609,
    0.6293906810035842,
    0.6362007168458781,
    0.6351254480286739,
    0.6335125448028673,
    0.6397849462365591,
    0.6405017921146954,
    0.6396057347670251,
    0.6410394265232975,
    0.6387096774193548
  ],
  "val_acc": [
    0.6117542297417632,
    0.6055209260908282,
    0.609973285841496,
    0.6019590382902938,
    0.6019590382902938,
    0.6001780943900267,
    0.6064113980409617,
    0.6055209260908282,
    0.6073018699910953,
    0.6001780943900267,
    0.6001780943900267
  ]
}