{
  "Moneyline Only": {
    "bets": 92,
    "win_rate": 0.5978260869565217,
    "roi": 0.07660831245827188,
    "pnl": 2116.313854802889
  },
  "Spread Only": {
    "bets": 282,
    "win_rate": 0.8014184397163121,
    "roi": 0.5299346134695654,
    "pnl": 12334885.83415359
  },
  "Totals Only": {
    "bets": 209,
    "win_rate": 0.48325358851674644,
    "roi": -0.09183370915875737,
    "pnl": -4345.028772833324
  },
  "All Bet Types": {
    "bets": 583,
    "win_rate": 0.6552315608919382,
    "roi": 0.3042863279046697,
    "pnl": 8690527.788897485
  }
}