{
  "Moneyline Only": {
    "bets": 69,
    "win_rate": 0.5507246376811594,
    "roi": -0.014378975277753735,
    "pnl": -225.72872765350593
  },
  "Spread Only": {
    "bets": 218,
    "win_rate": 0.7981651376146789,
    "roi": 0.48093140841676646,
    "pnl": 2444938.48884796
  },
  "Totals Only": {
    "bets": 162,
    "win_rate": 0.5432098765432098,
    "roi": 0.02082382177543975,
    "pnl": 1040.8113227551048
  },
  "All Bet Types": {
    "bets": 449,
    "win_rate": 0.6681514476614699,
    "roi": 0.2941442535453508,
    "pnl": 2586425.8601322575
  }
}