category,total,pass,medium,fail,pass_rate,mean_r,median_r,mean_mape,median_mape
EXACT MATCH,143,105,18,20,73.42657342657343,0.8662573111451439,0.9999978625198338,297.4498938897325,0.09574740530013351
PARTIAL MATCH,105,75,10,20,71.42857142857143,0.8139123033566465,0.974045285029492,324.97456092967406,6.963616968763661
CLOSE APPROXIMATION,1,1,0,0,100.0,0.9728176171983003,0.9728176171983003,10.745567136149981,10.745567136149981
