{
  "timestamp": "2025-12-17T19:52:55.919917",
  "model": "TIER_S+A",
  "features": [
    "elo_diff",
    "elo_prob",
    "spread_line",
    "total_line",
    "rest_advantage",
    "div_game",
    "is_dome",
    "is_cold",
    "is_windy",
    "home_implied_prob",
    "away_implied_prob",
    "is_primetime",
    "is_grass",
    "bad_weather",
    "home_short_week",
    "away_short_week",
    "home_cpoe_3wk",
    "away_cpoe_3wk",
    "cpoe_diff",
    "home_pressure_rate_3wk",
    "away_pressure_rate_3wk",
    "pressure_diff",
    "home_injury_impact",
    "away_injury_impact",
    "injury_diff",
    "home_qb_out",
    "away_qb_out",
    "home_ryoe_3wk",
    "away_ryoe_3wk",
    "ryoe_diff",
    "home_separation_3wk",
    "away_separation_3wk",
    "separation_diff",
    "home_time_to_throw_3wk",
    "away_time_to_throw_3wk"
  ],
  "feature_importance": {
    "spread": {
      "elo_diff": 0.01590210199356079,
      "elo_prob": 0.0,
      "spread_line": 0.0846242904663086,
      "total_line": 0.016346124932169914,
      "rest_advantage": 0.016740847378969193,
      "div_game": 0.014256283640861511,
      "is_dome": 0.005808333400636911,
      "is_cold": 0.010269910097122192,
      "is_windy": 0.010265311226248741,
      "home_implied_prob": 0.2067691832780838,
      "away_implied_prob": 0.08632666617631912,
      "is_primetime": 0.016487685963511467,
      "is_grass": 0.015598200261592865,
      "bad_weather": 0.012316274456679821,
      "home_short_week": 0.014223149977624416,
      "away_short_week": 0.029486576095223427,
      "home_cpoe_3wk": 0.024868082255125046,
      "away_cpoe_3wk": 0.018428804352879524,
      "cpoe_diff": 0.022281482815742493,
      "home_pressure_rate_3wk": 0.029839424416422844,
      "away_pressure_rate_3wk": 0.020433545112609863,
      "pressure_diff": 0.028321726247668266,
      "home_injury_impact": 0.02467789687216282,
      "away_injury_impact": 0.023661872372031212,
      "injury_diff": 0.02167973481118679,
      "home_qb_out": 0.0,
      "away_qb_out": 0.0,
      "home_ryoe_3wk": 0.0451531745493412,
      "away_ryoe_3wk": 0.03390810638666153,
      "ryoe_diff": 0.0367242731153965,
      "home_separation_3wk": 0.023722102865576744,
      "away_separation_3wk": 0.0243806391954422,
      "separation_diff": 0.021653734147548676,
      "home_time_to_throw_3wk": 0.025040319189429283,
      "away_time_to_throw_3wk": 0.019804157316684723
    },
    "totals": {
      "elo_diff": 0.015400031581521034,
      "elo_prob": 0.0,
      "spread_line": 0.01972162537276745,
      "total_line": 0.09170110523700714,
      "rest_advantage": 0.024578286334872246,
      "div_game": 0.017334451898932457,
      "is_dome": 0.031155258417129517,
      "is_cold": 0.022516321390867233,
      "is_windy": 0.01334686391055584,
      "home_implied_prob": 0.032006021589040756,
      "away_implied_prob": 0.0397019200026989,
      "is_primetime": 0.03433849662542343,
      "is_grass": 0.023221829906105995,
      "bad_weather": 0.035313431173563004,
      "home_short_week": 0.020260104909539223,
      "away_short_week": 0.0,
      "home_cpoe_3wk": 0.032479703426361084,
      "away_cpoe_3wk": 0.024089179933071136,
      "cpoe_diff": 0.023752912878990173,
      "home_pressure_rate_3wk": 0.03347679600119591,
      "away_pressure_rate_3wk": 0.02365938015282154,
      "pressure_diff": 0.03821338713169098,
      "home_injury_impact": 0.025243157520890236,
      "away_injury_impact": 0.02535063400864601,
      "injury_diff": 0.025720316916704178,
      "home_qb_out": 0.06684481352567673,
      "away_qb_out": 0.03100718930363655,
      "home_ryoe_3wk": 0.022818593308329582,
      "away_ryoe_3wk": 0.03190455958247185,
      "ryoe_diff": 0.03220853582024574,
      "home_separation_3wk": 0.028995245695114136,
      "away_separation_3wk": 0.028299694880843163,
      "separation_diff": 0.02890595979988575,
      "home_time_to_throw_3wk": 0.02891569584608078,
      "away_time_to_throw_3wk": 0.027518417686223984
    },
    "moneyline": {
      "elo_diff": 0.023127838969230652,
      "elo_prob": 0.0,
      "spread_line": 0.07637222856283188,
      "total_line": 0.02122999168932438,
      "rest_advantage": 0.02353609725832939,
      "div_game": 0.01846543699502945,
      "is_dome": 0.035604022443294525,
      "is_cold": 0.030285898596048355,
      "is_windy": 0.018371932208538055,
      "home_implied_prob": 0.1414167582988739,
      "away_implied_prob": 0.05278298631310463,
      "is_primetime": 0.02503211423754692,
      "is_grass": 0.018838809803128242,
      "bad_weather": 0.028088588267564774,
      "home_short_week": 0.031912047415971756,
      "away_short_week": 0.015726638957858086,
      "home_cpoe_3wk": 0.023226985707879066,
      "away_cpoe_3wk": 0.024795347824692726,
      "cpoe_diff": 0.024509431794285774,
      "home_pressure_rate_3wk": 0.02334546484053135,
      "away_pressure_rate_3wk": 0.024154478684067726,
      "pressure_diff": 0.02564869076013565,
      "home_injury_impact": 0.01982393115758896,
      "away_injury_impact": 0.028039081022143364,
      "injury_diff": 0.025011854246258736,
      "home_qb_out": 0.0,
      "away_qb_out": 0.0,
      "home_ryoe_3wk": 0.036695607006549835,
      "away_ryoe_3wk": 0.03402594104409218,
      "ryoe_diff": 0.032253049314022064,
      "home_separation_3wk": 0.0256712157279253,
      "away_separation_3wk": 0.02279665321111679,
      "separation_diff": 0.02418350987136364,
      "home_time_to_throw_3wk": 0.020801223814487457,
      "away_time_to_throw_3wk": 0.024226056411862373
    }
  },
  "train_years": "2018-2023",
  "train_size": 1696,
  "results_2024": {
    "dataset": "2024 Test",
    "games": 291,
    "spread_wr": 0.46735395189003437,
    "spread_roi": -10.78213058419244,
    "totals_wr": 0.47766323024054985,
    "totals_roi": -8.814089347079035,
    "ml_wr": 0.43478260869565216,
    "ml_bets": 207,
    "ml_roi": 34.672332771174474,
    "ml_profit_units": 71.77172883633116,
    "win_pred_accuracy": 0.6288659793814433
  },
  "results_2025": {
    "dataset": "2025 Validation",
    "games": 228,
    "spread_wr": 0.5570175438596491,
    "spread_roi": 6.334649122807012,
    "totals_wr": 0.42105263157894735,
    "totals_roi": -19.62105263157895,
    "ml_wr": 0.49333333333333335,
    "ml_bets": 150,
    "ml_roi": 52.98748330690284,
    "ml_profit_units": 79.48122496035425,
    "win_pred_accuracy": 0.6447368421052632
  }
}