{
  "timestamp": "2025-12-17T18:05:33.981703",
  "model": "TIER_S+A",
  "features": [
    "elo_diff",
    "elo_prob",
    "spread_line",
    "total_line",
    "rest_advantage",
    "div_game",
    "is_dome",
    "is_cold",
    "is_windy",
    "home_implied_prob",
    "away_implied_prob",
    "is_primetime",
    "is_grass",
    "bad_weather",
    "home_short_week",
    "away_short_week",
    "home_cpoe_3wk",
    "away_cpoe_3wk",
    "cpoe_diff",
    "home_pressure_rate_3wk",
    "away_pressure_rate_3wk",
    "pressure_diff",
    "home_ryoe_3wk",
    "away_ryoe_3wk",
    "ryoe_diff",
    "home_separation_3wk",
    "away_separation_3wk",
    "separation_diff",
    "home_time_to_throw_3wk",
    "away_time_to_throw_3wk"
  ],
  "results_2024": {
    "dataset": "2024 Test",
    "games": 291,
    "spread_wr": 0.4845360824742268,
    "spread_roi": -7.502061855670106,
    "totals_wr": 0.5085910652920962,
    "totals_roi": -2.9099656357388315,
    "ml_wr": 0.4945054945054945,
    "ml_bets": 182,
    "ml_roi": 45.94658277378117,
    "ml_profit_units": 83.62278064828172,
    "win_pred_accuracy": 0.6494845360824743
  },
  "results_2025": {
    "dataset": "2025 Validation",
    "games": 228,
    "spread_wr": 0.5043859649122807,
    "spread_roi": -3.7127192982456148,
    "totals_wr": 0.4605263157894737,
    "totals_roi": -12.085526315789474,
    "ml_wr": 0.4861111111111111,
    "ml_bets": 144,
    "ml_roi": 49.8888858112969,
    "ml_profit_units": 71.83999556826754,
    "win_pred_accuracy": 0.6447368421052632
  }
}