week,games,spread_wr,totals_wr
1,16,0.4375,0.375
2,16,0.5625,0.5625
3,16,0.4375,0.5625
4,16,0.375,0.5625
5,14,0.6428571428571429,0.35714285714285715
6,16,0.5625,0.375
7,15,0.4666666666666667,0.6666666666666666
8,14,0.5,0.5
9,14,0.6428571428571429,0.42857142857142855
10,14,0.5714285714285714,0.35714285714285715
11,16,0.6875,0.25
12,15,0.4,0.4
13,16,0.4375,0.375
14,14,0.2857142857142857,0.6428571428571429
15,16,0.5625,0.5
