{
  "timestamp": "2025-12-17T18:23:55.770007",
  "model": "TIER_S+A",
  "features": [
    "elo_diff",
    "elo_prob",
    "spread_line",
    "total_line",
    "rest_advantage",
    "div_game",
    "is_dome",
    "is_cold",
    "is_windy",
    "home_implied_prob",
    "away_implied_prob",
    "is_primetime",
    "is_grass",
    "bad_weather",
    "home_short_week",
    "away_short_week",
    "home_cpoe_3wk",
    "away_cpoe_3wk",
    "cpoe_diff",
    "home_pressure_rate_3wk",
    "away_pressure_rate_3wk",
    "pressure_diff",
    "home_injury_impact",
    "away_injury_impact",
    "injury_diff",
    "home_qb_out",
    "away_qb_out",
    "home_ryoe_3wk",
    "away_ryoe_3wk",
    "ryoe_diff",
    "home_separation_3wk",
    "away_separation_3wk",
    "separation_diff",
    "home_time_to_throw_3wk",
    "away_time_to_throw_3wk"
  ],
  "results_2024": {
    "dataset": "2024 Test",
    "games": 291,
    "spread_wr": 0.46735395189003437,
    "spread_roi": -10.78213058419244,
    "totals_wr": 0.47766323024054985,
    "totals_roi": -8.814089347079035,
    "ml_wr": 0.43478260869565216,
    "ml_bets": 207,
    "ml_roi": 34.672332771174474,
    "ml_profit_units": 71.77172883633116,
    "win_pred_accuracy": 0.6288659793814433
  },
  "results_2025": {
    "dataset": "2025 Validation",
    "games": 228,
    "spread_wr": 0.5570175438596491,
    "spread_roi": 6.334649122807012,
    "totals_wr": 0.42105263157894735,
    "totals_roi": -19.62105263157895,
    "ml_wr": 0.49333333333333335,
    "ml_bets": 150,
    "ml_roi": 52.98748330690284,
    "ml_profit_units": 79.48122496035425,
    "win_pred_accuracy": 0.6447368421052632
  }
}