{
  "timestamp": "2025-12-18T08:06:28.495591",
  "model": "TIER_S+A",
  "features": [
    "elo_diff",
    "elo_prob",
    "spread_line",
    "total_line",
    "rest_advantage",
    "div_game",
    "is_dome",
    "is_cold",
    "is_windy",
    "home_implied_prob",
    "away_implied_prob",
    "is_primetime",
    "is_grass",
    "bad_weather",
    "home_short_week",
    "away_short_week",
    "home_cpoe_3wk",
    "away_cpoe_3wk",
    "cpoe_diff",
    "home_pressure_rate_3wk",
    "away_pressure_rate_3wk",
    "pressure_diff",
    "home_injury_impact",
    "away_injury_impact",
    "injury_diff",
    "home_qb_out",
    "away_qb_out",
    "home_ryoe_3wk",
    "away_ryoe_3wk",
    "ryoe_diff",
    "home_separation_3wk",
    "away_separation_3wk",
    "separation_diff",
    "home_time_to_throw_3wk",
    "away_time_to_throw_3wk"
  ],
  "feature_importance": {
    "spread": {
      "elo_diff": 0.03776676580309868,
      "elo_prob": 0.026261359453201294,
      "spread_line": 0.11743742227554321,
      "total_line": 0.02170785702764988,
      "rest_advantage": 0.018011238425970078,
      "div_game": 0.016289884224534035,
      "is_dome": 0.014240407384932041,
      "is_cold": 0.0,
      "is_windy": 0.0,
      "home_implied_prob": 0.1307690292596817,
      "away_implied_prob": 0.1050449013710022,
      "is_primetime": 0.013203447684645653,
      "is_grass": 0.013712801970541477,
      "bad_weather": 0.0,
      "home_short_week": 0.020102865993976593,
      "away_short_week": 0.0,
      "home_cpoe_3wk": 0.025565635412931442,
      "away_cpoe_3wk": 0.02248995751142502,
      "cpoe_diff": 0.022481825202703476,
      "home_pressure_rate_3wk": 0.027527159079909325,
      "away_pressure_rate_3wk": 0.0221630297601223,
      "pressure_diff": 0.024555150419473648,
      "home_injury_impact": 0.02437533438205719,
      "away_injury_impact": 0.021695775911211967,
      "injury_diff": 0.02239617332816124,
      "home_qb_out": 0.024140477180480957,
      "away_qb_out": 0.0,
      "home_ryoe_3wk": 0.043854955583810806,
      "away_ryoe_3wk": 0.037315189838409424,
      "ryoe_diff": 0.03594805300235748,
      "home_separation_3wk": 0.021919794380664825,
      "away_separation_3wk": 0.022300535812973976,
      "separation_diff": 0.020639490336179733,
      "home_time_to_throw_3wk": 0.024671202525496483,
      "away_time_to_throw_3wk": 0.02141229435801506
    },
    "totals": {
      "elo_diff": 0.027434401214122772,
      "elo_prob": 0.01585852913558483,
      "spread_line": 0.02942141517996788,
      "total_line": 0.10773506760597229,
      "rest_advantage": 0.022937895730137825,
      "div_game": 0.0,
      "is_dome": 0.050350580364465714,
      "is_cold": 0.0,
      "is_windy": 0.0,
      "home_implied_prob": 0.034595128148794174,
      "away_implied_prob": 0.039246100932359695,
      "is_primetime": 0.0,
      "is_grass": 0.028310002759099007,
      "bad_weather": 0.0,
      "home_short_week": 0.041784368455410004,
      "away_short_week": 0.0,
      "home_cpoe_3wk": 0.041960593312978745,
      "away_cpoe_3wk": 0.0318620428442955,
      "cpoe_diff": 0.03291144222021103,
      "home_pressure_rate_3wk": 0.038391705602407455,
      "away_pressure_rate_3wk": 0.032786741852760315,
      "pressure_diff": 0.037593208253383636,
      "home_injury_impact": 0.03432987630367279,
      "away_injury_impact": 0.03191143646836281,
      "injury_diff": 0.02919049561023712,
      "home_qb_out": 0.0,
      "away_qb_out": 0.0292535237967968,
      "home_ryoe_3wk": 0.025571325793862343,
      "away_ryoe_3wk": 0.03176330775022507,
      "ryoe_diff": 0.03263882175087929,
      "home_separation_3wk": 0.03363906219601631,
      "away_separation_3wk": 0.03784017264842987,
      "separation_diff": 0.03344160318374634,
      "home_time_to_throw_3wk": 0.03241279348731041,
      "away_time_to_throw_3wk": 0.03482840582728386
    },
    "moneyline": {
      "elo_diff": 0.023127838969230652,
      "elo_prob": 0.0,
      "spread_line": 0.07637222856283188,
      "total_line": 0.02122999168932438,
      "rest_advantage": 0.02353609725832939,
      "div_game": 0.01846543699502945,
      "is_dome": 0.035604022443294525,
      "is_cold": 0.030285898596048355,
      "is_windy": 0.018371932208538055,
      "home_implied_prob": 0.1414167582988739,
      "away_implied_prob": 0.05278298631310463,
      "is_primetime": 0.02503211423754692,
      "is_grass": 0.018838809803128242,
      "bad_weather": 0.028088588267564774,
      "home_short_week": 0.031912047415971756,
      "away_short_week": 0.015726638957858086,
      "home_cpoe_3wk": 0.023226985707879066,
      "away_cpoe_3wk": 0.024795347824692726,
      "cpoe_diff": 0.024509431794285774,
      "home_pressure_rate_3wk": 0.02334546484053135,
      "away_pressure_rate_3wk": 0.024154478684067726,
      "pressure_diff": 0.02564869076013565,
      "home_injury_impact": 0.01982393115758896,
      "away_injury_impact": 0.028039081022143364,
      "injury_diff": 0.025011854246258736,
      "home_qb_out": 0.0,
      "away_qb_out": 0.0,
      "home_ryoe_3wk": 0.036695607006549835,
      "away_ryoe_3wk": 0.03402594104409218,
      "ryoe_diff": 0.032253049314022064,
      "home_separation_3wk": 0.0256712157279253,
      "away_separation_3wk": 0.02279665321111679,
      "separation_diff": 0.02418350987136364,
      "home_time_to_throw_3wk": 0.020801223814487457,
      "away_time_to_throw_3wk": 0.024226056411862373
    }
  },
  "train_years": "2018-2023",
  "train_size": 1696,
  "results_2024": {
    "dataset": "2024 Test",
    "games": 291,
    "spread_wr": 0.46735395189003437,
    "spread_roi": -10.78213058419244,
    "totals_wr": 0.5085910652920962,
    "totals_roi": -2.9099656357388315,
    "ml_wr": 0.43478260869565216,
    "ml_bets": 207,
    "ml_roi": 34.672332771174474,
    "ml_profit_units": 71.77172883633116,
    "win_pred_accuracy": 0.6288659793814433
  },
  "results_2025": {
    "dataset": "2025 Validation",
    "games": 228,
    "spread_wr": 0.5219298245614035,
    "spread_roi": -0.3635964912280798,
    "totals_wr": 0.5,
    "totals_roi": -4.549999999999999,
    "ml_wr": 0.49324324324324326,
    "ml_bets": 148,
    "ml_roi": 53.95503188011924,
    "ml_profit_units": 79.85344718257647,
    "win_pred_accuracy": 0.6447368421052632
  }
}