{
  "model_name": "PyTorch_NN",
  "architecture": [
    256,
    128,
    64
  ],
  "train_metrics": {
    "accuracy": 0.9395134779750164,
    "precision": 0.9434016748483973,
    "recall": 0.9499854608897935,
    "f1": 0.9466821211243118,
    "roc_auc": 0.9895302465712161,
    "log_loss": 0.13947565600345735
  },
  "val_metrics": {
    "accuracy": 0.9392857142857143,
    "precision": 0.9440993788819876,
    "recall": 0.95,
    "f1": 0.9470404984423676,
    "roc_auc": 0.981875,
    "log_loss": 0.1750003625744458
  },
  "test_metrics": {
    "accuracy": 0.9007352941176471,
    "precision": 0.9006622516556292,
    "recall": 0.918918918918919,
    "f1": 0.9096989966555183,
    "roc_auc": 0.9756974716652136,
    "log_loss": 0.20429091888700757
  },
  "best_val_loss": 0.1750003695487976,
  "total_epochs": 39,
  "timestamp": "2025-12-24T14:45:50.531469"
}